region,variable,mean,se_mean,sd,lower_95,lower_90,lower_80,lower_70,lower_60,lower_50,lower_40,lower_30,lower_20,lower_10,median,upper_10,upper_20,upper_30,upper_40,upper_50,upper_60,upper_70,upper_80,upper_90,upper_95
Wales,delay_mean[1],1.7862119114212,0.00582786193455701,0.277573348150055,1.22167627631007,1.33076863355572,1.4315686884786,1.49847862030808,1.54991645562233,1.60383425339367,1.64427188275479,1.67785685300169,1.71348557867921,1.75030765253216,1.78723027003734,1.82297908740547,1.86023353931485,1.89949729970468,1.94058543357212,1.97913029728654,2.02017529058891,2.07476776932191,2.13983568346208,2.23694573812489,2.31658111311988
Wales,delay_sd[1],0.424241464022746,0.00438818944481814,0.196636359396749,0.0756875747811382,0.114681970112656,0.1656924075697,0.213121007342007,0.246081411606423,0.279572014883624,0.309514121818486,0.338231654260824,0.366698763444452,0.394782757760705,0.417907346883729,0.442550651252565,0.469950783627854,0.497800843820398,0.524430832251684,0.554149287985261,0.590411516609625,0.636833227197987,0.686532294191496,0.760815963769268,0.832327164913437
Wales,frac_obs[1],0.98962726340661,0.000678703220928421,0.03480073693708,0.922151642644829,0.93275805789657,0.945244202469063,0.95353379592789,0.960748981405384,0.966016443878198,0.971487934309564,0.976579411704959,0.980856898662471,0.985479833299576,0.989881819406697,0.994235265950242,0.998703753599184,1.00294962481221,1.00694398987196,1.01276166363139,1.01853067994908,1.0251166158017,1.03394126929771,1.04565223054879,1.05883351140569
