region,variable,mean,se_mean,sd,lower_95,lower_90,lower_80,lower_70,lower_60,lower_50,lower_40,lower_30,lower_20,lower_10,median,upper_10,upper_20,upper_30,upper_40,upper_50,upper_60,upper_70,upper_80,upper_90,upper_95
Wales,delay_mean[1],1.66154751047863,0.00648200637461193,0.262065574687412,1.1571814675308,1.25241439987111,1.35597977837702,1.41046394546837,1.44885239045604,1.48244357606071,1.51315074114985,1.54477360095782,1.57132847384798,1.60406975133947,1.64589350064621,1.68587201239791,1.7199636484513,1.75555719598445,1.7983257654732,1.83767872091765,1.88699278640077,1.94309109907228,2.01125405178539,2.10889413106295,2.19221033507808
Wales,delay_sd[1],0.354238080985259,0.006368539261546,0.211900469882455,0.0240757798916037,0.0472965470810448,0.089581981384577,0.119000721146531,0.150705317513375,0.185775913155365,0.219788506928309,0.245048496165759,0.278676991951615,0.307735119570135,0.338783044396665,0.366866538288571,0.399178732077472,0.42898923843479,0.45867931699669,0.493033705769495,0.530757310202458,0.581692005285102,0.650585875241487,0.732592785068988,0.80053987106948
Wales,frac_obs[1],0.99067912258995,0.000775574694195389,0.0321971498166492,0.927511133608462,0.939230457969149,0.949543816270461,0.957047695784813,0.963690947279478,0.969048465002719,0.973953121245605,0.978743951283442,0.982976195294357,0.986953184021093,0.990780948746829,0.995052199616092,0.998603418651536,1.00293772770932,1.0070477063273,1.01185873950086,1.01733662122868,1.02347670541069,1.03220289174992,1.0443225766262,1.05405369729702
