region,variable,mean,se_mean,sd,lower_95,lower_90,lower_80,lower_70,lower_60,lower_50,lower_40,lower_30,lower_20,lower_10,median,upper_10,upper_20,upper_30,upper_40,upper_50,upper_60,upper_70,upper_80,upper_90,upper_95
Wales,delay_mean[1],1.65463935729527,0.00960534301853729,0.253984738116257,1.35884890144568,1.41404377931373,1.44806998044275,1.46934124902861,1.48600910508429,1.49919318867634,1.51264411965417,1.52523847411024,1.53749354093465,1.55100886277448,1.56522910728279,1.57947616785858,1.59846714404641,1.62983408765803,1.68385522658667,1.7443425136077,1.81613268440816,1.92554647706301,2.07111713949557,2.22558949918967,2.31768124842368
Wales,delay_sd[1],0.24791709346422,0.0108008644952617,0.294094917730611,0.00316182881854875,0.00628488208351353,0.0133238911130552,0.020469437699835,0.0280399731901045,0.0351764229584786,0.0449722693193518,0.0542131779580933,0.0658716613731173,0.0812877063469676,0.105972872946801,0.13851208248597,0.191885480144463,0.247669231992302,0.312035572840687,0.380839710278545,0.467087608431493,0.557313147744826,0.698013438635732,0.878938826330811,1.0212243351771
Wales,frac_obs[1],0.993047533075109,0.000831086643937494,0.0296297953216012,0.936844304768281,0.945389108717528,0.956229507862509,0.962291970516629,0.967564020014613,0.972542216351557,0.976933620787928,0.980781495081544,0.984950763761971,0.989122947855448,0.993104515119253,0.997474399426552,1.00105580790989,1.00482594532626,1.00885364724553,1.01300214380223,1.01780850957044,1.02313023116253,1.03027479959863,1.04140100168212,1.0507124503768
