region,variable,mean,se_mean,sd,lower_95,lower_90,lower_80,lower_70,lower_60,lower_50,lower_40,lower_30,lower_20,lower_10,median,upper_10,upper_20,upper_30,upper_40,upper_50,upper_60,upper_70,upper_80,upper_90,upper_95
Wales,delay_mean[1],1.87236447523543,0.00616098919468295,0.304607824517771,1.24723707542895,1.36355938987731,1.47804952548657,1.55283391938231,1.61970333464254,1.67158020541943,1.72149665959092,1.75979004645352,1.80178475553091,1.83892297740804,1.87630683223369,1.91927121005407,1.95933583665376,1.99703005416131,2.03602238803982,2.0801664470923,2.12886578692492,2.19156878881529,2.25561152941167,2.36284137563653,2.44842501703795
Wales,delay_sd[1],0.445773713126133,0.00612153873993205,0.201560636503138,0.0624217936355384,0.112566738507066,0.183232105081956,0.229951029903429,0.266921882307969,0.303842200678054,0.338293404197235,0.364588980823937,0.391020201219513,0.412840268530917,0.437999032139004,0.463713417413947,0.491718756512702,0.523700670652905,0.551802160528331,0.584717885584175,0.622926164535598,0.658299191434871,0.713151838661958,0.783293296201054,0.846442812608968
Wales,frac_obs[1],0.990085878330321,0.000731953403097348,0.035759123989374,0.92053731580845,0.932460738794219,0.944588911474625,0.952071887432792,0.959596930233144,0.965603438737543,0.971123923276903,0.975775740687781,0.981221426523511,0.985948893035969,0.990775624866898,0.99509109688223,0.999658189282724,1.00428789838669,1.00862400174041,1.01425672532887,1.02000165644875,1.026349310525,1.03577234108045,1.0492407083804,1.06160186871985
