region,variable,mean,se_mean,sd,lower_95,lower_90,lower_80,lower_70,lower_60,lower_50,lower_40,lower_30,lower_20,lower_10,median,upper_10,upper_20,upper_30,upper_40,upper_50,upper_60,upper_70,upper_80,upper_90,upper_95
Wales,delay_mean[1],2.02411470907559,0.00883840003138436,0.35485927064165,1.24871588667124,1.4238137386348,1.59260857147601,1.67686553419036,1.72946239382688,1.79412702906427,1.84991670669123,1.9102479774583,1.96104424964842,2.00890762393767,2.05420084186495,2.09886841132673,2.14562386711595,2.18795443500951,2.22890894676214,2.2645988914362,2.31691457323377,2.37775783474533,2.44652075754065,2.5418296928426,2.63204219004275
Wales,delay_sd[1],0.659346391129189,0.0114897519604424,0.414278245005116,0.0517375518748011,0.0761962439151672,0.142118230507243,0.216298456654164,0.283531142209554,0.340246357435826,0.39726022760111,0.445370253351271,0.492808771055955,0.545386921551739,0.604689762096362,0.661805471002837,0.725340866867369,0.781414487558253,0.848102215174043,0.928002525281715,1.00600980779428,1.11573384535845,1.24285450407383,1.40935795422033,1.59082494847478
Wales,frac_obs[1],0.996059666549177,0.000586815037834446,0.0264660013128359,0.945506044558257,0.952667767778838,0.962001064084941,0.968287050544341,0.973096327902863,0.977832182511691,0.982521078421264,0.986069227952146,0.989233261114693,0.992620443443023,0.995731147172476,0.998860421945124,1.00230386402235,1.00608617997512,1.01002762062724,1.0144388866621,1.01920018194711,1.0233563398887,1.02960125775648,1.03930555071057,1.05059350232483
