region,variable,mean,se_mean,sd,lower_95,lower_90,lower_80,lower_70,lower_60,lower_50,lower_40,lower_30,lower_20,lower_10,median,upper_10,upper_20,upper_30,upper_40,upper_50,upper_60,upper_70,upper_80,upper_90,upper_95
Wales,delay_mean[1],2.09202353325569,0.00767417999908945,0.310132572334079,1.56176898079156,1.62089913883094,1.69522835203558,1.74898972283332,1.80188726394383,1.85062240786456,1.89943178516887,1.94424333304624,1.98596601032049,2.0321950119276,2.07750495693847,2.12694143523303,2.17396126651241,2.2243080975285,2.26683760271663,2.31693254992317,2.37503421844699,2.43457007753717,2.50866390100196,2.60823733299125,2.71459616681228
Wales,delay_sd[1],0.636590582258552,0.00872920924110622,0.374739865737775,0.060023018784292,0.0908115654675897,0.157709397737117,0.226853484029953,0.293871752662652,0.354145691527975,0.405211519024906,0.457347561343161,0.50739715606099,0.556122203229155,0.599560170403809,0.645992988275107,0.698746480954585,0.75465280081546,0.811560745139382,0.873163875627769,0.948102045172666,1.03353516456452,1.15029493126464,1.31652804825593,1.46544478215325
Wales,frac_obs[1],0.995180342640683,0.000581202965771333,0.027095784797378,0.942857040243414,0.950175854824096,0.960272526613199,0.966779741306154,0.972162464500816,0.977217545100279,0.98124386577625,0.984916534278495,0.988401748193198,0.991987833197016,0.995261474044398,0.998695074779032,1.00192060808485,1.00551055036016,1.00919862255128,1.0129733233078,1.01815483439999,1.02374625836822,1.03017526633279,1.03943587368286,1.0468898005276
