region,variable,mean,se_mean,sd,lower_95,lower_90,lower_80,lower_70,lower_60,lower_50,lower_40,lower_30,lower_20,lower_10,median,upper_10,upper_20,upper_30,upper_40,upper_50,upper_60,upper_70,upper_80,upper_90,upper_95
Wales,delay_mean[1],1.98326793070174,0.00810421048657967,0.355372271517599,1.25814898531087,1.36582449687626,1.51238397012749,1.60541963828899,1.67670956158425,1.73931844185151,1.79901626512122,1.85391653980008,1.90104798868968,1.95087378346388,1.99729362512215,2.0444582528752,2.09521050590546,2.14368897446747,2.19097498553328,2.2421742409015,2.28999352823294,2.35152695965474,2.42448798819643,2.5327939241079,2.6220071001884
Wales,delay_sd[1],0.486167925417202,0.00494080129542405,0.200752469702913,0.102846929289767,0.156877257045809,0.223440080696444,0.270730750501892,0.311731410043273,0.344480226650838,0.376079249644699,0.406615232026245,0.430103609661108,0.456058733375794,0.481102525204037,0.510361230231775,0.534322780174314,0.562797047826866,0.589509358063108,0.621095662186094,0.658032235433477,0.699121371657662,0.752219392384206,0.830779990735073,0.885156475602454
Wales,frac_obs[1],0.989128804777129,0.000854103793029927,0.0378527762169749,0.91561099995935,0.926540944098448,0.939578963063872,0.949480580772646,0.955776193790224,0.963097977713084,0.969470644085344,0.974524817715913,0.979530330148439,0.984899887676809,0.989386135347238,0.994172419657014,0.999034419708967,1.00367563131512,1.00890191761185,1.01476705033863,1.02170719981701,1.02857692614822,1.03737846353856,1.05233887913328,1.06449787841569
