region,variable,mean,se_mean,sd,lower_95,lower_90,lower_80,lower_70,lower_60,lower_50,lower_40,lower_30,lower_20,lower_10,median,upper_10,upper_20,upper_30,upper_40,upper_50,upper_60,upper_70,upper_80,upper_90,upper_95
Wales,delay_mean[1],1.6229487958129,0.0073729467854023,0.245261325737783,1.14212216403944,1.27636893665261,1.38555994258755,1.43414098981981,1.46172084101273,1.48219742755611,1.49967768383889,1.51565892011967,1.5331683016836,1.54971912954832,1.5693454102252,1.58935454263976,1.61980636512523,1.66677663944365,1.71890826128726,1.76166654715771,1.81588567492571,1.87919874718695,1.96507577855106,2.09695098288998,2.1781302532812
Wales,delay_sd[1],0.290244319982338,0.00853058037574384,0.247312045582776,0.00499397060740895,0.0126107137411311,0.023085676446397,0.0349103870672236,0.0496016043769135,0.0663954074286323,0.0930787021303243,0.128876377313236,0.165840149595158,0.203248079052705,0.239904479286509,0.278952723393305,0.316818941737516,0.357187594150297,0.404276940777031,0.448389924684487,0.509659303338984,0.570967531794288,0.647722132830852,0.761104110120238,0.863785406816869
Wales,frac_obs[1],0.991637807805959,0.000718204218468173,0.0307544963694373,0.929454816336976,0.938411146613169,0.950328695138751,0.959406105709519,0.966549582004156,0.97174214219217,0.976378644143918,0.980258657666935,0.98428934341858,0.988348335603233,0.992521341535211,0.996269251394517,1.00030390408778,1.00406738180989,1.00773335461081,1.0127038987808,1.01810438708956,1.02326506787697,1.03122560236609,1.04182237342206,1.0500250224776
