region,variable,mean,se_mean,sd,lower_95,lower_90,lower_80,lower_70,lower_60,lower_50,lower_40,lower_30,lower_20,lower_10,median,upper_10,upper_20,upper_30,upper_40,upper_50,upper_60,upper_70,upper_80,upper_90,upper_95
Wales,delay_mean[1],1.66308259541883,0.0285457733197349,0.548076419928103,0.83829687462907,0.999793037907109,1.11422744303168,1.15327339405581,1.18722391574274,1.21795884854587,1.25391189616475,1.28299178568524,1.3231140121116,1.40443119080293,1.56064659751758,1.69234518008196,1.79345705797262,1.91228680266888,2.0372189683437,2.16716914962036,2.24032617054427,2.30535006898744,2.40848237520935,2.51685170135944,2.66275968743102
Wales,delay_sd[1],0.528358218968668,0.0251760875298548,0.498345496191314,0.00836811992333712,0.0169313998715235,0.0333925383826408,0.0497222952070934,0.0709700647724836,0.094620828073997,0.126950981005776,0.163432651005924,0.213274637982522,0.278346843038318,0.363859303984346,0.455498116837707,0.555684602188458,0.662990519693103,0.764561753148674,0.881334675728148,1.00240882755868,1.12900831369575,1.27224490983231,1.48973764160393,1.6607859476384
Wales,frac_obs[1],0.99783191133656,0.000788217167625756,0.0251465122603264,0.949335786140125,0.956881547151458,0.965371662295842,0.971763029780743,0.97643293427513,0.980848102911173,0.984474177681067,0.988044612265612,0.991563358061092,0.994705247703519,0.997572232602603,1.00061069402537,1.00390898442318,1.00740931946791,1.01135809118666,1.0153937477858,1.01943465023658,1.02433887570792,1.02965654980356,1.03864982028189,1.04607600884829
