region,variable,mean,se_mean,sd,lower_95,lower_90,lower_80,lower_70,lower_60,lower_50,lower_40,lower_30,lower_20,lower_10,median,upper_10,upper_20,upper_30,upper_40,upper_50,upper_60,upper_70,upper_80,upper_90,upper_95
Wales,delay_mean[1],1.70690559986307,0.00572604811573802,0.278915243981931,1.1605179190582,1.26224428413279,1.35905868540232,1.41412144848073,1.46638170359159,1.51534390461228,1.5546895365601,1.59167622940539,1.63359307423143,1.66774209588598,1.70799058029439,1.74104220716345,1.78097109105413,1.8191615892874,1.8596669976074,1.90463226541829,1.95232699104624,2.00154255523635,2.06437130056896,2.158593125367,2.24961306291141
Wales,delay_sd[1],0.398464072124991,0.00463181718206201,0.200173250510454,0.0413749889511773,0.0796458819808771,0.137933221690287,0.183932180824458,0.219263291822613,0.252123026421646,0.280059289142368,0.310564079617264,0.336610193797227,0.365364973514173,0.391815270067883,0.419253445244029,0.445344153579645,0.470578002648212,0.498791960281587,0.529756457027841,0.566113189020471,0.615258220038713,0.664251764464228,0.744013952273063,0.824201887628983
Wales,frac_obs[1],0.988699931823451,0.000708965195502053,0.0336721473938218,0.922914476243649,0.934222628303751,0.946212570101143,0.954009976905585,0.96057518912159,0.966177781222316,0.970731563688594,0.975626420370153,0.97991540152004,0.984403918338612,0.988354191557533,0.99279263498732,0.997522911757419,1.00228191347211,1.00672965823456,1.01119555059297,1.01638051813457,1.02283409341485,1.03092709632362,1.0452123535489,1.0547078912693
