region,variable,mean,se_mean,sd,lower_95,lower_90,lower_80,lower_70,lower_60,lower_50,lower_40,lower_30,lower_20,lower_10,median,upper_10,upper_20,upper_30,upper_40,upper_50,upper_60,upper_70,upper_80,upper_90,upper_95
Wales,delay_mean[1],1.89977815400991,0.0138733826964362,0.335800665790441,1.44134391808517,1.46999492708294,1.50878627483699,1.53623160522745,1.5610789267259,1.58674921755947,1.6187724612887,1.67628709432328,1.73954501143608,1.80250106924201,1.8644034850877,1.92595247008607,1.98482461885355,2.04470023479502,2.10610518824125,2.17231702613144,2.23404711345196,2.29336966287514,2.37841680932473,2.48369230028282,2.54718848504444
Wales,delay_sd[1],0.444513052292298,0.0133573972774914,0.375643295210019,0.00849973647205827,0.0161436832111126,0.0325284863707731,0.0511152612215967,0.0735149632010798,0.101105615504236,0.142734125331032,0.2024549537287,0.255029900054568,0.316921261382204,0.379105905768874,0.437111386117273,0.495913818963997,0.555753773556379,0.622476228909355,0.695313079444766,0.771095744414531,0.859467737879291,0.973041459920903,1.14197809966119,1.31158658810513
Wales,frac_obs[1],0.994310718365123,0.000893631172165591,0.0286070102474823,0.937553182204956,0.946666471127238,0.957840015077041,0.965083067634272,0.970195686608283,0.97460477860904,0.979075339381717,0.983743459881459,0.987404563736944,0.991019073722842,0.994624756515252,0.998112620143297,1.00208674527525,1.00551651262344,1.00945133279652,1.01364188952126,1.01822792267773,1.02381009577972,1.03164919569082,1.04115684009117,1.05026503082347
